,1.two-sum,23,5,0,
,11.container-with-most-water,48,14,0,
,125.valid-palindrome,30,6,0,
,128.longest-consecutive-sequence,48,15,0,
,15.3sum,71,25,0,
,155.min-stack,58,23,0,
,165.compare-version-numbers,10,2,0,
,167.two-sum-ii-input-array-is-sorted,43,12,0,
,20.valid-parentheses,45,14,0,
,206.reverse-linked-list,51,15,0,
,21.merge-two-sorted-lists,74,19,0,
,217.contains-duplicate,17,6,0,
,2177.find-three-consecutive-integers-that-sum-to-a-given-number,21,5,0,
,238.product-of-array-except-self,39,12,0,
,242.valid-anagram,48,10,0,
,347.top-k-frequent-elements,30,4,0,
,704.binary-search,48,14,0,
